<!DOCTYPE mapper
    PUBLIC "-//mybatis.org//DTD Mapper 3.0//EN"
    "https://mybatis.org/dtd/mybatis-3-mapper.dtd">

<mapper namespace="com.boot.dao.ReviewDAO">

    <select id="getReviewsByShopId" resultType="com.boot.dto.ReviewDTO">
        SELECT * FROM review
        WHERE repairShopId = #{ShopId}
        ORDER BY createdAt DESC
    </select>

	<insert id="insertReview"> 
		INSERT INTO review (repairShopId, userId, rating, content) 
		VALUES (#{repairShopId}, #{userId}, #{rating}, #{content}) 
	</insert>
	<delete id="deleteReview" parameterType="int"> 
		DELETE FROM review WHERE id = #{reviewId} 
	</delete>
	<update id="updateReview">
	    UPDATE review
	    SET rating = #{rating}, content = #{content}
	    WHERE id = #{id} AND userId = #{userId}
	</update>

</mapper>