<?xml version="1.0" encoding="UTF-8"?>
<!DOCTYPE mapper
  PUBLIC "-//mybatis.org//DTD Mapper 3.0//EN"
  "https://mybatis.org/dtd/mybatis-3-mapper.dtd">

<mapper namespace="com.boot.dao.UserDAO">

  <insert id="register" parameterType="com.boot.dto.UserDTO">
    INSERT INTO user (userid, password, nickname, email, phone_number, region)
    VALUES (#{userId}, #{password}, #{nickname}, #{email}, #{phoneNumber}, #{region})
  </insert>

  <select id="findByUserId" parameterType="string" resultType="com.boot.dto.UserDTO">
    SELECT * FROM user WHERE userid = #{userId}
  </select>

  <!-- ✅ 아이디 중복 체크 -->
  <select id="countByUserId" resultType="int">
    SELECT COUNT(*) FROM user WHERE userid = #{userId}
  </select>

  <!-- ✅ 닉네임 중복 체크 -->
  <select id="countByNickname" resultType="int">
    SELECT COUNT(*) FROM user WHERE nickname = #{nickname}
  </select>

  <!-- ✅ 이메일 + 전화번호로 아이디 찾기 -->
  <select id="findUserIdByEmailAndPhone" resultType="string">
    SELECT userid FROM user WHERE email = #{email} AND phone_number = #{phone}
  </select>

  <!-- ✅ 아이디 + 이메일 매치 확인 -->
  <select id="countByUserIdAndEmail" resultType="int">
    SELECT COUNT(*) FROM user WHERE userid = #{userId} AND email = #{email}
  </select>

  <!-- ✅ 비밀번호 재설정 -->
  <update id="updatePassword">
    UPDATE user SET password = #{newPassword} WHERE userid = #{userId}
  </update>

</mapper>
